"ID","Description","GeneRatio","BgRatio","pvalue","p.adjust","qvalue","geneID","Count"
"hsa05168","Herpes simplex virus 1 infection","85/569","495/8165",1.32616826126968e-15,4.16416834038678e-13,3.79702912700371e-13,"163087/284349/201514/390927/208/342926/169841/94039/7567/730087/55900/55769/374899/163049/163255/163071/84449/349075/54811/81856/92285/115196/90576/7710/7757/339327/93134/169270/90649/147694/163131/163050/253639/7553/7639/147949/7562/440515/284406/388566/641339/163051/7768/374900/59348/162963/55786/113835/162967/57677/101060200/441234/57711/27300/84503/146540/163081/100289678/353088/127396/7556/388536/92595/286075/147657/10000/55422/374928/114026/7594/162655/147687/29990/340385/285267/22835/7643/79230/126231/57335/7582/79862/171392/5296/126070",85
